time, temp_external[C], temp(0-15)[1], current(0-15)[mA]
1692097390036, 101, 74, 74, 76, 77, 74, 73, 74, 80, 79, 75, 73, 77, 79, 76, 73, 72, 0, 0, 0, 0, 0, 0, 0, 0, 0, 0, 0, 0, 0, 0, 0, 0
1692097391143, 102, 74, 75, 77, 76, 74, 72, 75, 79, 78, 75, 73, 77, 79, 76, 74, 72, 0, 0, 0, 0, 0, 0, 0, 0, 0, 0, 0, 0, 0, 0, 0, 0
1692097393443, 101, 74, 74, 77, 76, 75, 74, 74, 80, 78, 75, 73, 78, 79, 77, 73, 73, 0, 0, 0, 0, 0, 0, 0, 0, 0, 0, 0, 0, 0, 0, 0, 0
1692097396630, 102, 74, 74, 77, 77, 74, 73, 75, 80, 79, 75, 74, 77, 79, 76, 74, 73, 0, 0, 0, 0, 0, 0, 0, 0, 0, 0, 0, 0, 0, 0, 0, 0
1692097417341, 101, 75, 75, 78, 77, 75, 75, 78, 81, 79, 76, 75, 79, 80, 77, 75, 75, 0, 0, 0, 0, 0, 0, 0, 0, 0, 0, 0, 3, 0, 0, 0, 3
1692097433234, 100, 77, 77, 78, 79, 76, 76, 77, 81, 81, 77, 76, 79, 81, 78, 76, 75, 0, 0, 0, 0, 0, 0, 0, 0, 0, 0, 0, 0, 0, 0, 0, 0
1692097440028, 101, 77, 77, 79, 80, 77, 76, 77, 82, 81, 78, 76, 80, 81, 79, 76, 75, 0, 0, 0, 0, 0, 0, 0, 0, 0, 0, 0, 0, 0, 0, 0, 0
1692097441147, 100, 77, 77, 79, 79, 77, 76, 78, 81, 81, 78, 77, 81, 81, 78, 77, 76, 0, 0, 0, 0, 0, 0, 0, 0, 0, 0, 0, 0, 0, 0, 0, 0
1692097466142, 99, 78, 79, 81, 81, 79, 78, 80, 82, 84, 80, 78, 82, 83, 81, 79, 78, 0, 0, 0, 0, 0, 0, 0, 0, 0, 3, 0, 0, 0, 0, 0, 0
1692097486333, 98, 81, 81, 82, 82, 81, 80, 81, 85, 85, 81, 80, 84, 85, 82, 80, 79, 0, 0, 0, 0, 0, 0, 0, 0, 0, 0, 0, 0, 0, 0, 0, 0
1692097487421, 99, 81, 81, 82, 82, 81, 79, 81, 86, 85, 81, 81, 84, 85, 83, 81, 80, 0, 0, 0, 0, 0, 0, 0, 0, 0, 0, 0, 0, 0, 0, 0, 0
1692097495440, 98, 82, 82, 83, 84, 81, 80, 83, 87, 85, 82, 81, 85, 86, 83, 81, 80, 0, 0, 0, 0, 0, 0, 0, 0, 0, 0, 0, 0, 0, 0, 0, 0
1692097515628, 97, 83, 83, 85, 84, 83, 81, 83, 88, 87, 84, 82, 86, 88, 84, 83, 82, 0, 0, 0, 0, 0, 0, 0, 0, 0, 0, 0, 0, 0, 0, 0, 0
1692097539936, 96, 85, 85, 87, 87, 86, 83, 87, 91, 90, 87, 84, 89, 90, 87, 84, 85, 0, 0, 0, 0, 0, 0, 0, 0, 0, 0, 0, 0, 0, 0, 0, 0
1692097541031, 97, 85, 86, 88, 88, 85, 84, 86, 90, 88, 87, 85, 89, 90, 87, 85, 85, 0, 0, 3, 0, 0, 0, 0, 0, 0, 0, 0, 0, 0, 0, 0, 0
1692097543333, 96, 86, 85, 87, 88, 86, 85, 86, 90, 90, 86, 85, 89, 90, 87, 85, 85, 0, 0, 0, 0, 0, 0, 0, 0, 0, 0, 0, 0, 0, 0, 0, 0
1692097559222, 95, 87, 88, 89, 89, 87, 86, 88, 92, 92, 88, 87, 90, 92, 88, 86, 86, 0, 0, 0, 0, 0, 0, 0, 0, 0, 0, 0, 0, 0, 0, 0, 0
1692097583930, 94, 90, 90, 92, 92, 90, 88, 91, 94, 92, 91, 89, 93, 95, 91, 89, 89, 0, 0, 0, 0, 0, 0, 0, 0, 0, 0, 0, 0, 0, 0, 0, 0
1692097597339, 93, 91, 91, 93, 93, 91, 89, 92, 96, 95, 91, 91, 95, 95, 93, 89, 91, 0, 0, 0, 0, 0, 0, 0, 0, 0, 0, 0, 0, 0, 0, 0, 0
1692097623431, 92, 94, 94, 96, 97, 94, 92, 94, 99, 97, 94, 93, 97, 98, 96, 94, 93, 0, 0, 0, 0, 0, 0, 0, 0, 0, 0, 0, 0, 0, 0, 0, 0
1692097624544, 93, 95, 94, 95, 97, 94, 92, 96, 99, 98, 96, 94, 98, 98, 96, 93, 93, 0, 0, 0, 0, 0, 0, 0, 0, 0, 0, 0, 0, 0, 0, 0, 0
1692097627743, 92, 94, 95, 97, 97, 94, 93, 96, 99, 99, 95, 94, 98, 98, 95, 94, 93, 0, 0, 0, 0, 0, 0, 0, 0, 0, 0, 0, 0, 0, 0, 0, 0
1692097634544, 93, 95, 95, 97, 97, 96, 95, 97, 99, 99, 96, 94, 99, 99, 97, 94, 94, 0, 0, 0, 0, 0, 0, 0, 0, 0, 0, 0, 0, 0, 0, 0, 0
1692097636833, 92, 96, 95, 97, 97, 96, 93, 97, 99, 99, 96, 94, 99, 100, 97, 94, 95, 0, 0, 0, 0, 0, 0, 0, 0, 0, 0, 0, 0, 0, 0, 0, 0
1692097660242, 91, 98, 98, 101, 100, 98, 96, 100, 103, 101, 99, 98, 102, 102, 99, 97, 97, 0, 0, 0, 0, 0, 0, 0, 0, 0, 0, 0, 0, 0, 0, 0, 0
1692097684037, 90, 101, 101, 102, 102, 102, 99, 102, 105, 105, 101, 100, 104, 105, 102, 100, 100, 0, 0, 0, 0, 0, 0, 0, 0, 0, 0, 0, 0, 0, 0, 0, 0
1692097697630, 89, 102, 103, 104, 105, 103, 101, 103, 106, 105, 103, 101, 106, 106, 104, 101, 101, 0, 0, 0, 0, 0, 0, 0, 0, 0, 0, 0, 0, 0, 0, 0, 0
1692097701034, 90, 102, 103, 105, 105, 102, 101, 105, 107, 105, 103, 102, 107, 106, 104, 101, 102, 0, 0, 0, 0, 0, 0, 0, 0, 0, 0, 0, 0, 0, 0, 0, 0
1692097704425, 89, 102, 103, 104, 105, 102, 101, 105, 107, 106, 104, 102, 107, 107, 104, 101, 102, 0, 0, 0, 0, 0, 0, 0, 0, 0, 0, 0, 0, 0, 0, 0, 0
1692097705621, 90, 103, 103, 105, 105, 102, 102, 104, 108, 107, 103, 102, 107, 107, 104, 102, 102, 0, 0, 0, 0, 0, 0, 0, 0, 0, 0, 0, 0, 0, 0, 0, 0
1692097707833, 89, 104, 104, 105, 105, 103, 102, 104, 109, 108, 103, 102, 107, 107, 105, 102, 102, 0, 0, 0, 0, 0, 0, 0, 0, 0, 0, 0, 0, 0, 0, 0, 0
1692097720343, 88, 104, 106, 106, 107, 106, 103, 106, 110, 108, 106, 105, 109, 109, 105, 104, 104, 0, 0, 0, 0, 0, 0, 0, 0, 0, 0, 0, 0, 0, 0, 0, 0
1692097721438, 89, 105, 105, 108, 107, 105, 103, 107, 109, 109, 105, 104, 108, 110, 106, 104, 104, 0, 0, 0, 0, 3, 0, 0, 0, 0, 0, 0, 0, 0, 0, 0, 0
1692097722629, 88, 105, 105, 106, 107, 105, 103, 107, 110, 108, 106, 105, 109, 109, 106, 105, 104, 0, 0, 0, 0, 0, 0, 0, 0, 0, 0, 0, 3, 0, 0, 0, 0
1692097754329, 87, 108, 108, 109, 110, 109, 107, 111, 114, 113, 110, 109, 113, 112, 110, 107, 108, 0, 0, 0, 0, 0, 0, 0, 0, 0, 0, 0, 0, 0, 0, 0, 0
1692097782634, 86, 113, 112, 114, 114, 112, 111, 114, 117, 117, 113, 111, 116, 116, 114, 111, 111, 0, 0, 0, 0, 0, 0, 0, 0, 0, 0, 0, 0, 0, 0, 0, 0
1692097801956, 85, 114, 114, 115, 117, 115, 113, 116, 118, 118, 115, 114, 118, 118, 116, 113, 114, 0, 0, 0, 0, 0, 0, 0, 0, 0, 0, 0, 0, 0, 0, 0, 0
1692097804234, 86, 114, 115, 117, 116, 115, 114, 115, 120, 119, 116, 113, 119, 119, 116, 114, 114, 0, 0, 0, 0, 3, 0, 0, 0, 0, 0, 0, 0, 0, 0, 0, 0
1692097811034, 85, 115, 116, 117, 117, 116, 113, 116, 120, 119, 116, 115, 120, 120, 117, 115, 115, 0, 0, 0, 0, 0, 0, 0, 0, 0, 0, 0, 0, 0, 0, 0, 0
1692097832331, 84, 118, 118, 119, 119, 117, 116, 120, 122, 121, 118, 117, 121, 122, 119, 116, 118, 0, 0, 0, 0, 0, 0, 0, 0, 0, 0, 0, 0, 0, 0, 0, 0
1692097855029, 83, 121, 121, 122, 122, 120, 119, 123, 125, 123, 121, 120, 125, 125, 121, 119, 121, 0, 3, 0, 0, 0, 0, 0, 0, 0, 0, 0, 0, 0, 0, 0, 0
1692097857330, 84, 121, 121, 123, 123, 121, 119, 123, 126, 124, 122, 119, 125, 125, 122, 121, 121, 0, 0, 0, 0, 0, 0, 0, 0, 0, 0, 3, 0, 0, 0, 0, 3
1692097860731, 83, 121, 121, 123, 123, 122, 120, 122, 126, 125, 122, 121, 125, 126, 122, 121, 120, 0, 0, 0, 3, 0, 0, 0, 0, 0, 0, 0, 0, 0, 0, 0, 0
1692097883325, 82, 123, 125, 126, 126, 123, 123, 125, 128, 127, 125, 122, 128, 128, 126, 123, 123, 0, 0, 0, 0, 0, 3, 0, 0, 0, 0, 0, 0, 0, 0, 0, 0
1692097889036, 83, 124, 125, 126, 126, 125, 123, 126, 129, 128, 125, 124, 129, 129, 126, 124, 125, 0, 0, 0, 0, 0, 0, 0, 3, 0, 0, 0, 0, 0, 0, 0, 0
1692097890128, 82, 124, 125, 126, 127, 126, 122, 126, 129, 129, 125, 124, 129, 128, 125, 123, 124, 0, 0, 0, 0, 0, 0, 0, 0, 0, 0, 0, 0, 0, 0, 0, 0
1692097915120, 81, 128, 127, 130, 130, 128, 127, 129, 132, 131, 129, 127, 131, 132, 128, 126, 127, 0, 0, 0, 0, 0, 3, 0, 0, 0, 0, 0, 0, 0, 0, 0, 0
1692097918529, 82, 128, 129, 130, 130, 129, 127, 129, 133, 132, 128, 128, 132, 133, 129, 127, 127, 0, 0, 0, 0, 0, 0, 0, 0, 0, 0, 0, 0, 0, 0, 0, 0
1692097919639, 81, 128, 129, 130, 131, 129, 127, 131, 133, 133, 129, 127, 132, 133, 129, 128, 128, 0, 0, 0, 0, 0, 0, 0, 0, 0, 0, 0, 0, 0, 0, 0, 0
1692097941238, 80, 131, 131, 133, 133, 131, 128, 133, 136, 134, 132, 130, 136, 135, 132, 130, 131, 0, 0, 0, 0, 0, 0, 0, 0, 0, 0, 0, 0, 0, 0, 0, 0
1692097942410, 81, 131, 132, 133, 133, 131, 130, 132, 136, 134, 132, 130, 136, 135, 132, 130, 131, 0, 0, 0, 0, 0, 0, 0, 0, 0, 0, 0, 0, 0, 0, 0, 0
1692097944654, 80, 131, 132, 133, 134, 132, 130, 133, 136, 136, 132, 131, 136, 136, 132, 130, 131, 0, 0, 0, 0, 0, 0, 0, 0, 0, 0, 3, 0, 0, 0, 0, 0
1692097951325, 81, 132, 133, 134, 135, 133, 130, 134, 137, 136, 133, 132, 136, 137, 133, 131, 132, 0, 0, 0, 0, 0, 0, 0, 0, 0, 0, 0, 0, 0, 0, 0, 0
1692097952435, 80, 133, 132, 134, 135, 132, 130, 134, 138, 136, 134, 131, 136, 137, 134, 132, 132, 0, 0, 0, 0, 0, 0, 0, 0, 0, 0, 0, 0, 0, 0, 0, 3
1692097963734, 79, 133, 134, 134, 136, 133, 132, 135, 139, 137, 134, 133, 138, 138, 135, 133, 134, 0, 0, 0, 0, 0, 0, 0, 0, 0, 0, 0, 0, 0, 0, 0, 0
1692097966044, 80, 134, 135, 136, 136, 134, 132, 136, 138, 138, 135, 133, 139, 138, 134, 133, 133, 0, 0, 0, 0, 0, 0, 0, 0, 0, 0, 0, 0, 0, 0, 0, 0
1692097967148, 79, 134, 135, 136, 136, 136, 133, 136, 139, 139, 135, 134, 138, 139, 136, 133, 134, 0, 0, 0, 0, 0, 0, 0, 0, 0, 0, 0, 0, 0, 0, 3, 0
1692097997543, 78, 138, 139, 140, 140, 137, 136, 140, 142, 143, 138, 138, 142, 142, 139, 136, 137, 0, 0, 0, 0, 0, 0, 0, 0, 0, 0, 0, 0, 0, 0, 0, 0
1692098004426, 79, 138, 139, 140, 141, 139, 137, 141, 143, 142, 139, 138, 143, 143, 140, 138, 139, 0, 0, 0, 0, 0, 0, 0, 0, 0, 0, 0, 3, 0, 0, 0, 0
1692098006649, 78, 139, 139, 140, 141, 140, 137, 141, 143, 143, 139, 138, 143, 144, 140, 138, 139, 0, 0, 0, 0, 0, 0, 0, 0, 0, 0, 0, 0, 0, 0, 3, 0
1692098030240, 77, 141, 142, 143, 144, 143, 139, 144, 147, 146, 143, 141, 146, 146, 143, 141, 142, 0, 0, 0, 0, 0, 0, 0, 0, 0, 0, 0, 0, 0, 0, 0, 0
1692098035928, 78, 142, 143, 144, 145, 142, 141, 144, 147, 147, 143, 142, 146, 147, 143, 142, 142, 0, 0, 0, 0, 0, 0, 0, 0, 0, 0, 0, 3, 0, 0, 0, 0
1692098037042, 77, 143, 143, 144, 144, 143, 142, 145, 147, 146, 143, 141, 147, 147, 143, 142, 142, 0, 3, 0, 0, 0, 0, 0, 0, 0, 0, 0, 0, 0, 0, 0, 0
1692098055339, 76, 145, 146, 147, 147, 145, 143, 146, 150, 149, 146, 144, 150, 149, 146, 144, 144, 0, 0, 0, 0, 0, 0, 0, 0, 0, 0, 0, 0, 0, 0, 0, 0
1692098090227, 75, 149, 151, 150, 151, 149, 148, 151, 153, 153, 150, 148, 153, 153, 150, 148, 149, 0, 0, 0, 0, 0, 0, 0, 0, 0, 0, 0, 0, 0, 3, 0, 0
1692098131026, 74, 155, 155, 156, 156, 154, 153, 156, 159, 157, 155, 154, 158, 158, 155, 153, 154, 0, 0, 0, 0, 0, 0, 0, 0, 0, 0, 0, 0, 0, 0, 0, 3
1692098156931, 73, 157, 160, 159, 160, 158, 156, 159, 163, 161, 158, 157, 162, 161, 159, 157, 157, 0, 0, 0, 0, 0, 0, 0, 0, 0, 0, 0, 0, 0, 0, 0, 0
1692098193230, 72, 162, 163, 164, 164, 163, 159, 163, 167, 166, 163, 161, 167, 166, 162, 160, 163, 0, 0, 0, 0, 0, 0, 0, 0, 0, 0, 0, 0, 0, 0, 0, 0
1692098233246, 71, 167, 168, 169, 169, 168, 166, 168, 172, 172, 168, 166, 172, 172, 169, 166, 166, 0, 0, 0, 0, 0, 0, 0, 0, 0, 0, 0, 0, 0, 0, 0, 0
1692098259339, 70, 171, 170, 172, 173, 171, 169, 172, 175, 174, 170, 170, 175, 174, 172, 169, 169, 0, 0, 0, 0, 0, 0, 0, 0, 0, 0, 0, 0, 0, 0, 0, 0
1692098262738, 71, 171, 172, 173, 173, 170, 170, 174, 176, 175, 172, 170, 175, 175, 172, 169, 171, 0, 0, 0, 3, 0, 0, 0, 0, 0, 0, 0, 0, 0, 0, 0, 0
1692098265028, 70, 171, 172, 173, 172, 171, 170, 173, 176, 175, 172, 170, 175, 174, 172, 170, 170, 0, 0, 0, 0, 0, 0, 0, 0, 0, 0, 0, 0, 0, 0, 0, 0
1692098266129, 71, 171, 172, 173, 173, 172, 170, 173, 175, 176, 171, 170, 176, 175, 172, 171, 171, 0, 0, 0, 0, 0, 0, 0, 0, 0, 0, 0, 0, 0, 0, 0, 0
1692098270630, 70, 172, 171, 173, 174, 172, 170, 174, 176, 175, 172, 172, 176, 176, 173, 171, 171, 0, 0, 0, 0, 0, 0, 0, 0, 0, 0, 0, 0, 0, 0, 0, 0
1692098303843, 69, 176, 177, 178, 178, 176, 173, 177, 181, 180, 176, 175, 181, 180, 177, 175, 176, 0, 0, 0, 0, 0, 0, 0, 0, 0, 0, 0, 0, 0, 0, 3, 0
1692098342232, 68, 181, 181, 182, 182, 181, 179, 181, 185, 184, 181, 180, 185, 185, 181, 179, 181, 0, 0, 0, 0, 0, 0, 0, 0, 0, 0, 0, 0, 0, 0, 0, 0
1692098374733, 67, 184, 185, 187, 186, 184, 183, 186, 189, 187, 184, 184, 189, 188, 185, 183, 184, 0, 0, 0, 0, 0, 0, 0, 0, 0, 0, 0, 3, 0, 0, 0, 0
1692098375827, 68, 185, 185, 186, 187, 184, 181, 186, 188, 189, 184, 183, 189, 188, 186, 183, 184, 0, 0, 0, 0, 0, 0, 0, 0, 0, 0, 0, 0, 0, 0, 0, 0
1692098382632, 67, 184, 185, 187, 187, 185, 183, 187, 190, 188, 186, 184, 191, 190, 186, 183, 185, 0, 0, 0, 0, 0, 0, 0, 0, 0, 0, 0, 0, 0, 0, 0, 0
1692098383739, 68, 185, 185, 186, 187, 185, 184, 187, 190, 189, 184, 183, 189, 189, 187, 183, 185, 0, 0, 0, 0, 0, 0, 0, 0, 0, 0, 0, 0, 0, 0, 3, 0
1692098384934, 67, 186, 186, 187, 187, 185, 183, 188, 191, 189, 185, 185, 190, 189, 185, 183, 185, 0, 0, 0, 0, 0, 0, 0, 0, 0, 0, 3, 0, 0, 0, 0, 0
1692098387237, 68, 186, 185, 188, 187, 187, 184, 189, 191, 188, 186, 185, 189, 190, 186, 184, 185, 0, 0, 0, 0, 0, 0, 0, 0, 0, 0, 0, 0, 0, 0, 0, 0
1692098392836, 67, 186, 186, 188, 188, 186, 184, 189, 191, 190, 187, 186, 192, 191, 187, 185, 186, 0, 0, 0, 0, 0, 0, 0, 0, 0, 0, 0, 0, 0, 0, 3, 0
1692098433443, 66, 191, 191, 193, 193, 192, 189, 195, 195, 195, 192, 191, 195, 195, 192, 190, 191, 0, 0, 0, 0, 0, 0, 0, 0, 0, 3, 0, 0, 0, 0, 0, 0
1692098468629, 65, 195, 197, 198, 198, 196, 195, 197, 199, 199, 196, 195, 200, 199, 197, 194, 196, 0, 0, 0, 0, 0, 0, 0, 0, 0, 0, 0, 0, 0, 0, 0, 0
1692098469739, 66, 196, 197, 197, 197, 196, 193, 198, 200, 200, 197, 195, 200, 200, 197, 194, 195, 3, 0, 0, 0, 0, 0, 0, 0, 0, 0, 0, 0, 0, 0, 0, 0
1692098478626, 65, 196, 196, 198, 199, 196, 196, 199, 201, 201, 197, 197, 201, 201, 198, 197, 198, 0, 0, 0, 0, 0, 0, 0, 0, 0, 0, 0, 0, 0, 0, 0, 0
1692098514729, 64, 201, 200, 202, 203, 202, 199, 204, 205, 205, 201, 201, 205, 205, 202, 200, 201, 0, 0, 0, 0, 0, 0, 0, 0, 0, 0, 0, 0, 0, 0, 0, 0
1692098515842, 65, 201, 202, 202, 203, 201, 200, 202, 205, 205, 202, 201, 205, 205, 203, 200, 200, 0, 0, 0, 0, 0, 0, 0, 0, 0, 0, 0, 0, 0, 0, 0, 0
1692098519242, 64, 202, 201, 203, 204, 202, 201, 203, 206, 205, 204, 202, 206, 205, 201, 200, 202, 0, 0, 0, 0, 0, 0, 0, 0, 0, 0, 0, 0, 0, 0, 0, 0
1692098560826, 63, 206, 206, 208, 208, 206, 205, 208, 210, 209, 207, 206, 210, 209, 208, 205, 207, 0, 0, 0, 0, 0, 0, 0, 0, 0, 0, 0, 0, 0, 0, 0, 0
1692098561942, 64, 207, 207, 208, 209, 207, 205, 208, 211, 209, 207, 206, 210, 210, 207, 206, 206, 0, 0, 0, 0, 0, 0, 0, 0, 0, 0, 0, 0, 0, 0, 0, 0
1692098563046, 63, 207, 206, 208, 209, 206, 206, 209, 211, 209, 207, 206, 211, 210, 208, 206, 207, 0, 0, 0, 0, 0, 0, 0, 0, 0, 0, 0, 0, 0, 0, 0, 0
1692098565340, 64, 207, 207, 208, 209, 206, 206, 209, 210, 210, 208, 207, 211, 211, 208, 205, 205, 3, 0, 0, 0, 0, 0, 0, 0, 0, 0, 0, 0, 0, 0, 0, 0
1692098566436, 63, 206, 207, 208, 209, 207, 206, 209, 211, 210, 208, 206, 211, 212, 208, 205, 207, 0, 0, 0, 0, 0, 0, 0, 0, 0, 0, 0, 0, 0, 0, 0, 0
1692098567628, 64, 207, 207, 209, 209, 206, 206, 208, 211, 209, 207, 206, 210, 212, 209, 205, 206, 0, 0, 0, 0, 0, 0, 0, 0, 0, 0, 0, 0, 0, 0, 0, 0
1692098576652, 63, 207, 209, 209, 209, 207, 206, 210, 212, 212, 208, 207, 212, 212, 209, 207, 207, 0, 0, 0, 0, 0, 0, 0, 0, 0, 0, 0, 0, 0, 0, 0, 0
1692098577810, 64, 208, 208, 209, 210, 208, 206, 211, 213, 212, 209, 207, 211, 212, 209, 206, 208, 0, 0, 0, 0, 0, 0, 0, 0, 0, 0, 0, 0, 0, 0, 0, 0
1692098578928, 63, 209, 210, 209, 210, 208, 206, 211, 211, 211, 209, 207, 213, 212, 209, 206, 208, 0, 0, 0, 0, 0, 0, 0, 0, 0, 0, 0, 0, 0, 0, 0, 0
1692098608937, 62, 212, 212, 213, 214, 212, 210, 212, 216, 215, 212, 211, 216, 215, 212, 211, 213, 0, 0, 0, 0, 0, 0, 0, 0, 0, 0, 0, 0, 0, 3, 0, 0
1692098610036, 63, 211, 212, 213, 213, 211, 210, 214, 216, 215, 213, 211, 215, 215, 213, 212, 213, 0, 0, 0, 0, 0, 0, 0, 0, 0, 0, 0, 0, 0, 0, 0, 0
1692098616632, 62, 213, 214, 214, 214, 213, 211, 213, 216, 216, 213, 212, 217, 216, 214, 211, 212, 0, 0, 0, 0, 0, 0, 0, 0, 0, 0, 0, 0, 0, 0, 0, 0
1692098621232, 63, 213, 213, 215, 215, 214, 211, 214, 216, 217, 214, 213, 217, 217, 214, 211, 213, 0, 0, 0, 0, 0, 0, 0, 0, 0, 0, 0, 0, 0, 0, 0, 0
1692098622347, 62, 214, 214, 215, 216, 214, 211, 215, 218, 217, 214, 213, 218, 217, 214, 212, 214, 0, 0, 0, 0, 0, 0, 0, 0, 0, 0, 0, 0, 0, 0, 0, 0
1692098631450, 63, 214, 215, 216, 216, 214, 213, 216, 218, 218, 216, 214, 219, 217, 215, 214, 215, 0, 0, 0, 0, 0, 0, 0, 0, 0, 0, 0, 0, 0, 0, 0, 0
1692098632529, 62, 214, 215, 215, 217, 215, 212, 215, 219, 217, 216, 212, 220, 218, 217, 213, 215, 0, 0, 0, 0, 0, 0, 0, 0, 0, 0, 0, 0, 0, 0, 0, 0
1692098660927, 61, 218, 218, 219, 220, 218, 215, 220, 222, 222, 218, 218, 221, 221, 219, 217, 218, 0, 0, 0, 0, 0, 3, 0, 0, 0, 0, 0, 0, 0, 0, 0, 0
1692098662048, 62, 217, 218, 219, 220, 218, 215, 219, 222, 221, 218, 217, 222, 221, 219, 217, 219, 0, 0, 0, 0, 0, 0, 0, 0, 0, 0, 0, 0, 0, 0, 0, 0
1692098668842, 61, 219, 219, 220, 221, 218, 217, 219, 223, 222, 218, 218, 223, 222, 219, 218, 219, 0, 0, 0, 0, 0, 0, 0, 0, 0, 0, 0, 0, 0, 0, 0, 0
1692098708339, 60, 223, 223, 223, 225, 224, 221, 226, 226, 226, 222, 223, 227, 226, 224, 222, 222, 0, 0, 0, 0, 0, 0, 0, 0, 0, 0, 0, 0, 0, 0, 0, 0
1692098709441, 61, 223, 224, 224, 224, 222, 221, 226, 227, 226, 223, 222, 227, 227, 224, 221, 222, 0, 0, 0, 0, 0, 0, 0, 0, 0, 0, 0, 0, 0, 0, 0, 0
1692098718130, 60, 224, 225, 225, 226, 224, 222, 225, 227, 226, 225, 225, 227, 227, 225, 224, 224, 0, 0, 0, 0, 0, 0, 0, 0, 0, 0, 0, 0, 0, 0, 0, 0
1692098767831, 59, 228, 229, 231, 231, 229, 228, 233, 234, 230, 229, 229, 234, 232, 229, 228, 230, 0, 0, 0, 0, 0, 0, 0, 0, 0, 0, 0, 0, 0, 0, 0, 0
1692098768945, 60, 229, 230, 229, 231, 230, 228, 231, 234, 233, 230, 229, 234, 233, 230, 229, 229, 0, 0, 0, 0, 0, 0, 0, 0, 0, 0, 0, 0, 0, 0, 0, 0
1692098771237, 59, 230, 230, 230, 232, 230, 228, 231, 232, 234, 230, 229, 233, 233, 230, 228, 229, 0, 0, 0, 0, 0, 0, 0, 0, 0, 0, 0, 0, 0, 0, 0, 0
1692098829026, 58, 236, 237, 237, 237, 236, 235, 238, 240, 239, 237, 235, 241, 240, 237, 235, 236, 0, 3, 0, 0, 0, 0, 0, 0, 0, 0, 0, 0, 0, 0, 0, 0
1692098830143, 59, 236, 237, 237, 237, 236, 235, 237, 240, 239, 237, 235, 240, 240, 237, 235, 235, 0, 0, 0, 0, 0, 0, 0, 0, 0, 0, 0, 0, 0, 0, 0, 0
1692098833539, 58, 238, 238, 238, 239, 237, 235, 237, 241, 240, 238, 237, 241, 240, 238, 235, 237, 0, 0, 0, 0, 0, 0, 0, 0, 0, 0, 0, 0, 0, 0, 0, 0
1692098834735, 59, 237, 238, 238, 239, 236, 235, 238, 240, 240, 238, 237, 241, 239, 238, 235, 236, 0, 0, 0, 0, 0, 0, 0, 0, 0, 0, 0, 0, 0, 0, 0, 0
1692098835840, 58, 237, 238, 238, 239, 236, 235, 240, 240, 240, 238, 237, 241, 240, 239, 236, 236, 0, 0, 0, 0, 0, 0, 0, 0, 0, 0, 0, 0, 3, 0, 0, 3
1692098878529, 57, 242, 242, 243, 243, 242, 242, 243, 244, 244, 243, 241, 245, 245, 242, 241, 242, 0, 0, 0, 0, 0, 0, 0, 0, 0, 0, 0, 0, 0, 0, 0, 0
1692098881733, 58, 242, 242, 243, 244, 242, 239, 243, 245, 244, 242, 242, 246, 245, 243, 242, 243, 0, 0, 0, 0, 0, 0, 0, 0, 0, 0, 0, 0, 0, 0, 0, 0
1692098888551, 57, 243, 243, 242, 245, 243, 241, 244, 248, 246, 243, 242, 247, 246, 243, 241, 243, 0, 0, 0, 0, 0, 0, 0, 0, 0, 0, 0, 0, 0, 0, 0, 0
1692098890842, 58, 243, 243, 243, 245, 243, 240, 244, 247, 246, 244, 243, 247, 246, 243, 241, 243, 0, 0, 0, 0, 0, 0, 0, 0, 0, 0, 0, 0, 0, 0, 0, 0
1692098891936, 57, 243, 243, 244, 245, 243, 241, 244, 247, 247, 244, 242, 247, 246, 244, 242, 242, 0, 0, 0, 0, 0, 0, 0, 0, 0, 0, 0, 0, 0, 0, 0, 0
1692098893034, 58, 243, 243, 244, 245, 243, 241, 246, 246, 246, 245, 243, 247, 246, 245, 242, 242, 0, 0, 0, 0, 0, 0, 0, 0, 0, 0, 0, 0, 0, 0, 0, 0
1692098894239, 57, 243, 244, 244, 244, 243, 242, 245, 246, 247, 244, 243, 247, 246, 244, 243, 244, 0, 0, 0, 0, 0, 0, 0, 0, 0, 0, 0, 0, 0, 0, 0, 0
1692098940440, 56, 248, 247, 248, 250, 248, 247, 250, 252, 251, 249, 247, 251, 251, 248, 246, 248, 0, 0, 0, 0, 0, 0, 0, 0, 0, 0, 0, 0, 0, 0, 0, 0
1692098949234, 57, 248, 250, 250, 249, 248, 247, 250, 251, 252, 250, 248, 254, 251, 249, 248, 249, 0, 0, 0, 0, 0, 0, 0, 0, 0, 0, 0, 0, 0, 0, 0, 0
1692098950410, 56, 249, 249, 250, 250, 250, 245, 251, 251, 250, 250, 248, 254, 252, 250, 246, 249, 0, 0, 0, 0, 0, 0, 0, 0, 0, 0, 0, 0, 0, 0, 0, 0
1692099020336, 55, 255, 256, 256, 257, 256, 254, 258, 259, 259, 258, 255, 260, 259, 257, 256, 256, 0, 0, 0, 0, 0, 0, 0, 0, 0, 0, 0, 0, 0, 0, 0, 0
1692099023746, 56, 256, 257, 258, 258, 256, 254, 257, 260, 258, 256, 255, 260, 259, 257, 254, 255, 0, 0, 0, 3, 0, 0, 0, 0, 0, 0, 0, 0, 0, 0, 0, 0
1692099027128, 55, 256, 257, 257, 258, 257, 255, 258, 259, 261, 257, 255, 260, 259, 258, 255, 257, 0, 0, 0, 0, 0, 0, 0, 0, 0, 0, 0, 0, 0, 0, 0, 0
1692099028231, 56, 257, 258, 257, 258, 257, 254, 258, 259, 259, 258, 256, 260, 260, 257, 256, 257, 0, 0, 0, 0, 0, 0, 0, 0, 0, 0, 0, 0, 0, 0, 0, 0
1692099029428, 55, 257, 257, 257, 259, 257, 255, 259, 260, 259, 257, 256, 261, 260, 258, 255, 256, 0, 0, 0, 0, 0, 0, 0, 0, 0, 0, 0, 0, 0, 0, 0, 0
1692099087039, 54, 262, 261, 263, 264, 263, 261, 264, 265, 265, 264, 262, 266, 266, 263, 261, 262, 0, 0, 0, 0, 0, 0, 0, 0, 0, 0, 0, 0, 0, 0, 0, 0
1692099088141, 55, 263, 263, 262, 264, 263, 259, 263, 265, 265, 263, 262, 267, 265, 263, 262, 262, 3, 0, 0, 0, 0, 0, 0, 0, 0, 0, 0, 0, 0, 0, 0, 0
1692099091337, 54, 263, 263, 264, 265, 263, 261, 265, 266, 264, 263, 263, 267, 266, 263, 262, 264, 0, 0, 0, 0, 0, 0, 0, 0, 0, 0, 0, 0, 0, 0, 0, 0
1692099151240, 53, 268, 269, 269, 269, 268, 265, 269, 271, 270, 269, 268, 271, 271, 269, 267, 268, 0, 0, 0, 0, 0, 0, 0, 0, 0, 0, 0, 0, 0, 0, 0, 0
1692099152331, 54, 268, 268, 269, 270, 268, 266, 270, 272, 272, 270, 269, 272, 270, 269, 268, 269, 0, 0, 3, 0, 0, 0, 0, 0, 0, 0, 0, 0, 0, 0, 0, 0
1692099159131, 53, 270, 270, 270, 270, 269, 268, 271, 272, 272, 271, 268, 272, 271, 269, 268, 268, 0, 0, 0, 0, 0, 0, 0, 0, 0, 0, 0, 0, 0, 0, 0, 0
1692099160332, 54, 270, 269, 269, 271, 270, 267, 271, 271, 271, 270, 269, 272, 272, 270, 268, 269, 0, 0, 0, 0, 0, 0, 0, 0, 0, 0, 0, 0, 0, 0, 0, 0
1692099162532, 53, 270, 270, 269, 271, 269, 269, 269, 273, 272, 270, 268, 273, 271, 270, 268, 269, 0, 0, 0, 0, 0, 0, 0, 0, 0, 0, 0, 0, 0, 0, 0, 0
1692099245934, 52, 278, 277, 277, 279, 278, 275, 278, 280, 280, 277, 277, 279, 279, 277, 276, 278, 0, 0, 0, 0, 0, 0, 0, 0, 0, 0, 0, 0, 0, 0, 0, 0
1692099316041, 51, 283, 283, 283, 284, 284, 282, 284, 286, 287, 283, 282, 287, 286, 283, 281, 284, 0, 0, 0, 0, 0, 0, 0, 0, 0, 0, 0, 0, 0, 0, 0, 0
1692099317227, 52, 283, 284, 284, 284, 284, 282, 284, 285, 286, 283, 282, 286, 285, 283, 283, 284, 0, 0, 0, 0, 0, 0, 0, 0, 0, 0, 0, 0, 0, 0, 0, 0
1692099318332, 51, 283, 284, 284, 284, 283, 282, 285, 286, 284, 285, 283, 287, 286, 284, 283, 283, 0, 0, 0, 0, 0, 0, 0, 0, 0, 0, 0, 0, 0, 0, 0, 0
1692099401228, 50, 291, 291, 291, 292, 291, 289, 292, 292, 293, 291, 290, 294, 292, 291, 289, 291, 0, 0, 0, 0, 0, 0, 0, 0, 0, 0, 0, 0, 0, 3, 0, 0
1692099403532, 51, 291, 290, 291, 292, 292, 289, 292, 294, 293, 291, 289, 294, 293, 291, 289, 290, 0, 0, 0, 0, 0, 0, 0, 0, 0, 0, 0, 0, 0, 0, 0, 0
1692099405842, 50, 290, 292, 291, 292, 291, 290, 291, 293, 294, 292, 290, 294, 293, 290, 290, 291, 0, 0, 0, 0, 0, 0, 0, 0, 0, 0, 0, 0, 0, 0, 0, 0
1692099406933, 51, 290, 291, 292, 292, 291, 290, 292, 292, 291, 293, 291, 294, 293, 291, 290, 290, 0, 0, 0, 0, 0, 0, 0, 0, 0, 0, 0, 0, 0, 0, 0, 0
1692099410332, 50, 291, 291, 290, 293, 292, 289, 291, 295, 294, 292, 291, 295, 294, 291, 289, 291, 0, 0, 0, 0, 0, 0, 0, 0, 0, 0, 0, 0, 0, 0, 0, 0
1692099413734, 51, 292, 292, 291, 293, 291, 289, 293, 294, 294, 292, 290, 294, 293, 291, 290, 291, 0, 0, 0, 0, 0, 0, 3, 0, 0, 0, 0, 0, 0, 0, 0, 0
1692099416041, 50, 291, 292, 291, 292, 292, 290, 293, 293, 295, 293, 290, 294, 294, 293, 289, 290, 0, 0, 0, 0, 0, 0, 0, 0, 0, 0, 0, 0, 0, 0, 0, 0
1692099421732, 51, 292, 293, 293, 294, 292, 290, 293, 294, 293, 292, 292, 295, 294, 293, 290, 292, 0, 0, 0, 0, 0, 0, 0, 0, 0, 0, 0, 0, 0, 0, 0, 0
1692099424040, 50, 293, 292, 292, 293, 293, 290, 293, 295, 294, 293, 291, 295, 295, 292, 292, 292, 0, 0, 0, 0, 0, 0, 0, 0, 0, 0, 0, 0, 0, 0, 0, 0
1692099426339, 51, 291, 293, 293, 293, 292, 291, 293, 294, 296, 294, 292, 294, 295, 293, 291, 291, 0, 0, 0, 0, 0, 0, 0, 0, 0, 0, 0, 0, 0, 0, 0, 0
1692099429729, 50, 293, 292, 292, 294, 292, 291, 294, 294, 295, 294, 291, 295, 294, 293, 292, 292, 0, 0, 0, 0, 0, 0, 0, 0, 0, 0, 3, 0, 3, 0, 0, 0
1692099490742, 49, 297, 298, 297, 298, 297, 295, 299, 300, 300, 298, 296, 299, 299, 297, 296, 297, 0, 0, 0, 0, 0, 0, 0, 0, 0, 0, 0, 0, 0, 0, 0, 0
1692099491834, 50, 297, 299, 298, 298, 297, 297, 299, 299, 300, 298, 297, 300, 300, 298, 296, 298, 0, 0, 0, 0, 0, 0, 0, 0, 0, 0, 0, 0, 0, 0, 0, 0
1692099505427, 49, 298, 299, 299, 300, 298, 297, 299, 301, 302, 299, 298, 303, 301, 298, 297, 299, 0, 0, 0, 0, 0, 0, 0, 0, 0, 0, 0, 0, 0, 0, 0, 0
1692099507731, 50, 300, 299, 298, 299, 299, 298, 300, 301, 302, 300, 297, 302, 301, 300, 298, 299, 0, 0, 0, 0, 0, 0, 0, 0, 0, 0, 0, 0, 0, 0, 0, 0
1692099517733, 49, 298, 301, 300, 300, 300, 299, 302, 301, 302, 300, 300, 303, 301, 299, 298, 298, 0, 0, 0, 0, 0, 0, 0, 0, 0, 0, 0, 0, 0, 0, 0, 0
1692099591044, 48, 305, 306, 305, 306, 305, 303, 306, 306, 308, 306, 304, 308, 307, 306, 303, 305, 0, 0, 3, 0, 0, 0, 0, 0, 0, 0, 0, 0, 3, 0, 0, 0
1692099594440, 49, 306, 305, 306, 307, 306, 304, 307, 308, 307, 306, 305, 309, 308, 306, 304, 305, 0, 0, 0, 0, 0, 0, 0, 0, 0, 0, 0, 0, 0, 0, 0, 0
1692099595634, 48, 304, 307, 307, 306, 304, 305, 307, 308, 308, 307, 306, 307, 307, 306, 305, 305, 0, 0, 0, 0, 0, 0, 0, 0, 0, 0, 0, 0, 0, 0, 0, 3
1692099596730, 49, 305, 306, 306, 306, 305, 303, 306, 307, 309, 306, 303, 308, 307, 306, 305, 305, 0, 0, 0, 0, 0, 0, 0, 0, 0, 0, 0, 0, 0, 0, 0, 3
1692099602445, 48, 306, 307, 305, 307, 306, 304, 307, 309, 308, 306, 305, 308, 308, 306, 304, 305, 0, 0, 0, 0, 3, 0, 0, 0, 0, 0, 0, 0, 0, 0, 0, 0
1692099713735, 47, 314, 313, 313, 314, 314, 312, 316, 316, 315, 315, 313, 316, 315, 314, 312, 313, 0, 0, 0, 0, 0, 0, 0, 0, 0, 0, 0, 0, 0, 0, 0, 0
1692099716041, 48, 313, 314, 314, 314, 314, 313, 315, 316, 316, 315, 313, 317, 316, 314, 313, 314, 0, 0, 0, 0, 0, 0, 0, 0, 0, 0, 0, 0, 0, 0, 0, 0
1692099725034, 47, 314, 315, 314, 316, 315, 314, 316, 317, 316, 316, 313, 317, 316, 314, 314, 315, 0, 0, 0, 0, 0, 0, 0, 0, 0, 0, 0, 0, 0, 0, 0, 0
1692099728535, 48, 315, 315, 315, 315, 314, 313, 315, 317, 316, 316, 315, 318, 316, 316, 314, 316, 0, 0, 0, 0, 0, 0, 0, 0, 0, 0, 0, 0, 0, 0, 0, 0
1692099737521, 47, 315, 316, 316, 317, 316, 314, 316, 316, 318, 316, 315, 318, 317, 316, 314, 315, 0, 0, 0, 0, 0, 0, 0, 0, 0, 0, 0, 0, 0, 0, 0, 0
1692099814830, 46, 320, 321, 321, 321, 321, 319, 322, 322, 322, 322, 320, 323, 322, 321, 320, 321, 0, 0, 0, 0, 0, 3, 0, 0, 0, 0, 0, 0, 0, 0, 0, 0
1692099815946, 47, 321, 321, 321, 322, 320, 319, 321, 323, 322, 323, 320, 323, 322, 321, 319, 322, 0, 0, 0, 0, 0, 0, 0, 0, 0, 0, 0, 0, 0, 0, 0, 0
1692100856706, 41, 373, 374, 371, 374, 373, 373, 374, 374, 375, 375, 374, 374, 373, 373, 373, 373, 0, 0, 0, 0, 0, 0, 0, 0, 0, 0, 0, 0, 0, 0, 0, 0
1692100862619, 40, 374, 374, 373, 374, 374, 371, 374, 374, 375, 374, 374, 375, 374, 373, 372, 373, 0, 0, 0, 0, 0, 0, 0, 0, 0, 0, 0, 0, 0, 0, 0, 0
1692100864904, 41, 373, 373, 371, 373, 375, 373, 374, 372, 375, 374, 372, 376, 375, 373, 372, 372, 0, 0, 0, 0, 0, 0, 0, 0, 0, 0, 0, 0, 0, 0, 0, 0
1692100866023, 40, 374, 374, 373, 376, 375, 372, 373, 375, 373, 374, 372, 376, 375, 374, 373, 373, 0, 0, 0, 3, 0, 0, 0, 0, 0, 0, 0, 0, 0, 0, 0, 0
1692100871511, 41, 372, 372, 372, 375, 374, 373, 376, 374, 375, 374, 373, 375, 374, 374, 373, 374, 0, 0, 0, 0, 0, 0, 0, 0, 0, 0, 0, 0, 0, 0, 0, 0
1692100872605, 40, 375, 374, 371, 374, 374, 372, 375, 374, 375, 374, 372, 375, 374, 373, 372, 375, 0, 0, 0, 0, 0, 0, 0, 0, 0, 0, 0, 0, 0, 0, 0, 0
1692100883798, 41, 375, 374, 372, 374, 374, 372, 376, 374, 375, 374, 373, 375, 375, 373, 372, 373, 0, 0, 0, 0, 0, 0, 0, 0, 0, 0, 0, 0, 0, 0, 0, 0
1692100884928, 40, 374, 374, 372, 375, 375, 372, 374, 375, 375, 376, 374, 376, 375, 374, 374, 374, 0, 0, 0, 0, 0, 0, 0, 0, 0, 0, 0, 0, 0, 0, 0, 0
1692101070831, 39, 380, 381, 379, 380, 379, 379, 380, 380, 382, 380, 380, 381, 381, 381, 380, 380, 0, 0, 0, 0, 0, 0, 0, 0, 0, 0, 0, 0, 0, 0, 0, 0
1692101076318, 40, 381, 381, 380, 383, 381, 379, 380, 381, 381, 382, 379, 382, 381, 381, 380, 380, 0, 0, 0, 0, 0, 0, 0, 0, 0, 0, 0, 0, 0, 0, 0, 0
1692101083124, 39, 381, 382, 380, 382, 382, 378, 381, 381, 383, 382, 379, 382, 381, 381, 380, 382, 0, 0, 0, 0, 0, 0, 0, 0, 0, 0, 0, 0, 3, 0, 3, 0
1692101084215, 40, 380, 380, 380, 382, 380, 380, 382, 382, 382, 383, 380, 383, 381, 380, 380, 381, 0, 0, 0, 0, 0, 0, 0, 0, 0, 0, 0, 0, 0, 0, 0, 0
1692101088734, 39, 382, 381, 380, 382, 381, 379, 381, 381, 383, 382, 380, 382, 381, 380, 380, 382, 0, 0, 0, 0, 0, 0, 0, 0, 0, 0, 0, 0, 0, 0, 0, 0
1692101089921, 40, 381, 381, 381, 381, 381, 380, 382, 381, 383, 382, 381, 383, 382, 381, 381, 382, 0, 0, 0, 0, 0, 0, 0, 0, 0, 0, 0, 0, 0, 0, 0, 0
1692101092133, 39, 381, 381, 381, 381, 382, 380, 383, 381, 382, 382, 381, 383, 382, 381, 381, 380, 0, 0, 0, 0, 0, 0, 0, 0, 0, 0, 0, 0, 0, 0, 0, 0
1692101104429, 40, 381, 382, 381, 382, 382, 380, 383, 382, 383, 382, 381, 383, 382, 381, 381, 382, 0, 0, 0, 0, 0, 0, 0, 0, 0, 0, 0, 0, 0, 0, 0, 0
1692101109022, 39, 382, 382, 381, 381, 381, 381, 385, 381, 381, 384, 382, 384, 382, 382, 382, 382, 3, 0, 0, 0, 0, 0, 0, 0, 0, 0, 0, 0, 0, 3, 0, 0
1692101110130, 40, 381, 382, 381, 382, 382, 381, 382, 382, 384, 383, 381, 382, 383, 381, 381, 381, 0, 0, 0, 0, 0, 0, 0, 0, 0, 0, 0, 0, 0, 0, 0, 0
1692101113532, 39, 382, 383, 381, 383, 383, 379, 382, 382, 383, 383, 381, 386, 383, 382, 382, 381, 0, 0, 0, 0, 0, 0, 0, 0, 0, 0, 0, 0, 0, 0, 0, 0
1692101114626, 40, 381, 383, 382, 382, 382, 381, 381, 382, 385, 383, 382, 384, 382, 382, 382, 380, 0, 0, 0, 0, 0, 0, 0, 0, 0, 0, 0, 0, 0, 0, 0, 0
1692101115810, 39, 383, 382, 382, 384, 384, 382, 383, 383, 384, 385, 382, 384, 383, 384, 381, 382, 0, 0, 0, 0, 0, 0, 0, 0, 0, 0, 0, 0, 0, 0, 0, 0
1692101144720, 40, 382, 384, 381, 384, 384, 381, 382, 383, 383, 384, 381, 385, 384, 384, 382, 382, 0, 0, 0, 0, 0, 0, 0, 0, 0, 0, 0, 0, 0, 0, 0, 0
1692101145834, 39, 383, 384, 381, 383, 384, 383, 383, 383, 384, 384, 382, 385, 384, 383, 381, 382, 0, 0, 0, 0, 0, 0, 0, 0, 0, 0, 0, 0, 0, 0, 0, 0
1692101394025, 38, 391, 390, 389, 391, 391, 389, 391, 391, 392, 390, 391, 393, 391, 390, 389, 391, 0, 0, 0, 0, 0, 0, 0, 0, 0, 0, 0, 0, 3, 0, 0, 0
1692101395213, 39, 391, 390, 390, 391, 391, 389, 391, 391, 391, 391, 391, 392, 391, 389, 389, 390, 0, 0, 3, 0, 0, 0, 3, 0, 0, 0, 0, 0, 0, 0, 0, 0
1692101416118, 38, 391, 392, 391, 392, 391, 390, 392, 391, 393, 392, 390, 393, 391, 390, 389, 391, 0, 0, 0, 0, 0, 0, 0, 0, 0, 0, 0, 0, 0, 0, 0, 0
1692101417230, 39, 390, 391, 390, 390, 390, 390, 392, 392, 392, 393, 390, 392, 391, 390, 391, 391, 0, 0, 0, 0, 0, 0, 0, 0, 0, 0, 0, 0, 0, 0, 0, 0
1692101418417, 38, 391, 391, 390, 392, 391, 389, 391, 391, 392, 392, 390, 392, 391, 391, 389, 392, 0, 0, 0, 0, 0, 0, 0, 0, 0, 0, 0, 0, 0, 0, 0, 0
1692101420615, 39, 391, 392, 388, 392, 391, 390, 391, 392, 393, 392, 390, 393, 392, 390, 390, 392, 0, 0, 0, 0, 0, 0, 0, 0, 0, 0, 0, 0, 0, 0, 0, 0
1692101422925, 38, 391, 391, 390, 392, 392, 390, 391, 392, 392, 392, 390, 392, 391, 392, 390, 391, 0, 0, 0, 0, 0, 0, 0, 0, 0, 0, 0, 0, 0, 0, 0, 0
1692101424018, 39, 392, 392, 390, 391, 391, 389, 390, 390, 393, 392, 391, 394, 392, 392, 390, 390, 0, 0, 0, 0, 0, 0, 0, 0, 0, 0, 0, 0, 0, 0, 0, 0
1692101428532, 38, 391, 392, 391, 392, 393, 391, 391, 392, 392, 392, 390, 392, 391, 392, 389, 391, 0, 0, 0, 0, 0, 0, 0, 0, 0, 0, 0, 0, 0, 0, 0, 0
1692101432928, 39, 390, 392, 391, 392, 392, 389, 392, 391, 391, 393, 392, 394, 391, 391, 389, 391, 0, 0, 0, 0, 0, 0, 0, 0, 0, 0, 0, 0, 0, 0, 0, 0
1692101438632, 38, 391, 391, 390, 392, 393, 390, 391, 392, 392, 392, 389, 393, 391, 391, 389, 391, 0, 0, 0, 0, 0, 0, 0, 0, 0, 0, 0, 0, 0, 0, 0, 0
1692101439731, 39, 390, 393, 389, 392, 391, 390, 391, 393, 392, 393, 392, 392, 392, 391, 392, 393, 0, 0, 0, 0, 0, 0, 0, 0, 0, 0, 0, 0, 0, 0, 0, 0
1692101440825, 38, 392, 392, 390, 392, 394, 391, 393, 392, 392, 393, 390, 393, 391, 392, 391, 391, 0, 0, 0, 0, 0, 0, 0, 0, 0, 0, 0, 0, 0, 0, 0, 0
1692101467328, 39, 392, 393, 392, 393, 393, 391, 393, 392, 393, 393, 391, 394, 393, 393, 391, 392, 0, 0, 0, 0, 0, 0, 0, 0, 0, 0, 0, 0, 0, 0, 0, 0
1692101472925, 38, 394, 393, 391, 392, 394, 392, 392, 393, 394, 392, 392, 394, 393, 391, 392, 392, 0, 0, 0, 0, 0, 0, 3, 0, 0, 0, 0, 0, 0, 0, 0, 0
1692101476321, 39, 392, 392, 392, 392, 393, 392, 395, 394, 394, 394, 393, 394, 392, 392, 392, 393, 0, 0, 0, 0, 0, 0, 0, 3, 0, 0, 0, 0, 0, 0, 0, 0
1692101477521, 38, 391, 392, 392, 394, 394, 391, 394, 392, 393, 394, 392, 394, 393, 393, 393, 392, 0, 0, 0, 0, 0, 0, 0, 0, 0, 0, 0, 0, 0, 0, 0, 0
1692101481834, 39, 392, 394, 393, 393, 392, 392, 393, 392, 393, 394, 393, 393, 393, 392, 393, 393, 0, 0, 0, 0, 0, 0, 0, 0, 0, 0, 0, 0, 0, 0, 0, 0
1692101486424, 38, 393, 392, 392, 393, 393, 392, 393, 392, 394, 394, 392, 395, 393, 393, 392, 392, 0, 0, 0, 0, 0, 0, 0, 0, 0, 0, 0, 0, 0, 0, 0, 0
1692101489627, 39, 394, 393, 392, 394, 394, 391, 391, 392, 393, 394, 393, 395, 393, 393, 392, 393, 0, 0, 0, 0, 0, 0, 0, 0, 0, 0, 0, 0, 0, 0, 0, 0
1692101490706, 38, 394, 393, 392, 394, 394, 390, 394, 393, 394, 394, 392, 394, 393, 392, 392, 393, 0, 0, 0, 0, 0, 0, 0, 0, 0, 0, 0, 0, 0, 0, 0, 0
1692101786032, 37, 400, 400, 398, 401, 400, 399, 401, 400, 401, 401, 401, 402, 400, 400, 400, 400, 0, 0, 0, 0, 0, 3, 0, 0, 0, 0, 0, 0, 0, 0, 0, 0
1692101787118, 38, 399, 399, 399, 401, 399, 399, 400, 399, 400, 401, 401, 400, 400, 399, 399, 400, 0, 0, 0, 0, 0, 0, 0, 0, 0, 0, 0, 0, 0, 0, 0, 0
1692101788215, 37, 400, 401, 397, 400, 400, 398, 400, 400, 401, 400, 400, 401, 400, 399, 400, 402, 0, 0, 0, 0, 0, 0, 0, 0, 0, 0, 0, 0, 0, 0, 0, 0
1692101794821, 38, 400, 402, 400, 400, 399, 398, 401, 400, 401, 402, 399, 401, 400, 399, 398, 399, 0, 0, 0, 0, 0, 0, 0, 0, 0, 0, 0, 0, 0, 0, 0, 0
1692101796031, 37, 401, 401, 398, 401, 401, 400, 402, 400, 401, 402, 400, 401, 400, 401, 400, 400, 0, 0, 0, 0, 0, 0, 0, 0, 0, 0, 0, 0, 0, 0, 0, 0
1692101797129, 38, 400, 401, 398, 401, 401, 398, 399, 401, 402, 401, 398, 401, 400, 400, 398, 399, 0, 0, 0, 0, 0, 0, 0, 3, 0, 0, 0, 0, 0, 0, 0, 0
1692101801625, 37, 400, 400, 400, 400, 400, 399, 401, 400, 402, 401, 399, 401, 400, 402, 400, 400, 0, 0, 0, 0, 0, 0, 0, 0, 0, 0, 0, 0, 0, 0, 0, 0
1692101808228, 38, 401, 400, 399, 401, 401, 397, 401, 401, 402, 403, 400, 401, 401, 400, 399, 401, 0, 0, 0, 0, 0, 0, 0, 0, 0, 0, 0, 0, 0, 0, 0, 0
1692101811624, 37, 400, 401, 399, 402, 400, 399, 401, 401, 402, 402, 400, 402, 400, 400, 400, 401, 0, 0, 0, 0, 0, 0, 0, 0, 0, 0, 0, 0, 0, 0, 0, 0
1692101824119, 38, 400, 400, 399, 401, 401, 398, 402, 401, 401, 402, 400, 401, 401, 401, 400, 401, 0, 0, 0, 0, 0, 0, 0, 0, 0, 3, 0, 0, 0, 0, 0, 0
1692101827520, 37, 401, 401, 400, 401, 401, 401, 400, 400, 402, 402, 400, 402, 401, 402, 400, 400, 0, 0, 0, 3, 0, 0, 0, 0, 0, 0, 0, 0, 0, 0, 3, 3
1692101828628, 38, 401, 402, 400, 400, 399, 400, 401, 401, 402, 402, 400, 402, 401, 401, 400, 400, 0, 0, 0, 0, 0, 0, 0, 3, 0, 0, 0, 3, 0, 0, 0, 0
1692101832033, 37, 400, 400, 399, 401, 402, 398, 402, 401, 402, 402, 401, 402, 401, 400, 400, 401, 0, 0, 0, 0, 0, 0, 0, 0, 0, 0, 0, 0, 3, 0, 0, 0
1692101840527, 38, 400, 401, 399, 400, 401, 403, 402, 402, 402, 403, 400, 402, 402, 402, 400, 400, 0, 0, 0, 0, 0, 0, 0, 0, 0, 0, 0, 3, 0, 0, 0, 0
1692101841718, 37, 400, 401, 400, 402, 401, 399, 401, 400, 402, 402, 400, 401, 401, 402, 400, 402, 0, 0, 0, 0, 0, 0, 0, 0, 0, 0, 0, 0, 0, 0, 0, 0
